<?xml version="1.0" encoding="UTF-8"?>
<project-private xmlns="http://www.netbeans.org/ns/project-private/1">
    <editor-bookmarks xmlns="http://www.netbeans.org/ns/editor-bookmarks/2" lastBookmarkId="0"/>
    <open-files xmlns="http://www.netbeans.org/ns/projectui-open-files/2">
        <group>
            <file>file:/C:/Users/lizdi/OneDrive/Documentos/NetBeansProjects/S6_S3_Taxis/S6_S3_Taxis/src/s6_s3_taxis/S6_S3_Taxis.java</file>
            <file>file:/C:/Users/lizdi/OneDrive/Documentos/NetBeansProjects/S6_S3_Taxis/S6_S3_Taxis/src/s6_s3_taxis/Conductor.java</file>
            <file>file:/C:/Users/lizdi/OneDrive/Documentos/NetBeansProjects/S6_S3_Taxis/S6_S3_Taxis/src/s6_s3_taxis/Interfaz.java</file>
            <file>file:/C:/Users/lizdi/OneDrive/Documentos/NetBeansProjects/S6_S3_Taxis/S6_S3_Taxis/src/s6_s3_taxis/Logica.java</file>
        </group>
    </open-files>
</project-private>
