<?xml version="1.0" encoding="UTF-8"?>
<project-private xmlns="http://www.netbeans.org/ns/project-private/1">
    <editor-bookmarks xmlns="http://www.netbeans.org/ns/editor-bookmarks/2" lastBookmarkId="0"/>
    <open-files xmlns="http://www.netbeans.org/ns/projectui-open-files/2">
        <group>
            <file>file:/D:/Arnold/Universidad_Codigo/2022-2/POO_II/GUIAS/Guia_4/EjercicioTaxi/src/ejerciciotaxi/Conductor.java</file>
            <file>file:/D:/Arnold/Universidad_Codigo/2022-2/POO_II/GUIAS/Guia_4/EjercicioTaxi/src/ejerciciotaxi/EjercicioTaxi.java</file>
            <file>file:/D:/Arnold/Universidad_Codigo/2022-2/POO_II/GUIAS/Guia_4/EjercicioTaxi/src/ejerciciotaxi/Interfaz.java</file>
        </group>
    </open-files>
</project-private>
