<?xml version="1.0" encoding="UTF-8"?>
<project-private xmlns="http://www.netbeans.org/ns/project-private/1">
    <editor-bookmarks xmlns="http://www.netbeans.org/ns/editor-bookmarks/2" lastBookmarkId="0"/>
    <open-files xmlns="http://www.netbeans.org/ns/projectui-open-files/2">
        <group>
            <file>file:/C:/Users/Jacquie/Documents/usil/2022-2/POO%20II/semana%206/exoRegistroTaxi/src/exoregistrotaxi/Taxi.java</file>
            <file>file:/C:/Users/Jacquie/Documents/usil/2022-2/POO%20II/semana%206/exoRegistroTaxi/src/exoregistrotaxi/ExoRegistroTaxi.java</file>
            <file>file:/C:/Users/Jacquie/Documents/usil/2022-2/POO%20II/semana%206/exoRegistroTaxi/src/exoregistrotaxi/Interfaz.java</file>
        </group>
    </open-files>
</project-private>
