<?xml version="1.0" encoding="UTF-8"?>
<project-private xmlns="http://www.netbeans.org/ns/project-private/1">
    <editor-bookmarks xmlns="http://www.netbeans.org/ns/editor-bookmarks/2" lastBookmarkId="0"/>
    <open-files xmlns="http://www.netbeans.org/ns/projectui-open-files/2">
        <group>
            <file>file:/C:/Users/Jacquie/Documents/usil/2022-2/Desarrollo%20Basado%20en%20Plataformas/semana%204/hoja1_E1/src/hoja1_e1/Procesar.java</file>
            <file>file:/C:/Users/Jacquie/Documents/usil/2022-2/Desarrollo%20Basado%20en%20Plataformas/semana%204/hoja1_E1/src/hoja1_e1/Interfaz.java</file>
            <file>file:/C:/Users/Jacquie/Documents/usil/2022-2/Desarrollo%20Basado%20en%20Plataformas/semana%204/hoja1_E1/src/hoja1_e1/Hoja1_E1.java</file>
        </group>
    </open-files>
</project-private>
